algorithm,workload,variant,phase,entities,change_percent,work_rounds,repetitions,total_samples,mean_ns,mean_ci95_low_ns,mean_ci95_high_ns,median_ns,p95_ns,p99_ns,maximum_ns,throughput_per_s,cycles_per_tick,miss_100us_pct,miss_1ms_pct,miss_16_67ms_pct,changed_entities,arithmetic_per_tick,vector_multiplies_per_tick,vector_adds_per_tick,persistent_bytes,temporary_bytes,event_bytes,working_bytes,source_call_depth,checksum_consistent,mean_ratio_to_stateful,p99_increment_over_stateful_ns,working_memory_ratio_to_stateful
derived_vectors,arithmetic_calibration,stateful_event,frame_total,4096,100,1,11,13420,26921.229727272726,26399.357881864285,27443.101572681167,25900.0,30300.0,39400.0,107800.0,37433.992,135774.793,0.014903129657228018,0.0,0.0,4096,24576,4096,4096,147456,0,114688,262144,4,0,1.0,0.0,1.0
derived_vectors,arithmetic_calibration,stateful_event,frame_total,4096,100,4,11,3355,43870.67063636363,43707.81970209786,44033.521570629404,42900.0,50900.0,57900.0,84100.0,22768.16,199725.711,0.0,0.0,0.0,4096,98304,16384,16384,147456,0,114688,262144,4,0,1.0,0.0,1.0
derived_vectors,arithmetic_calibration,stateful_event,frame_total,4096,100,16,11,836,115179.06709090908,113394.60239076409,116963.53179105408,111500.0,132400.0,142400.0,220600.0,8725.002,479639.829,100.0,0.0,0.0,4096,393216,65536,65536,147456,0,114688,262144,4,0,1.0,0.0,1.0
derived_vectors,arithmetic_calibration,stateful_event,frame_total,4096,100,64,11,341,401927.56590909086,383648.0252258846,420207.10659229715,392900.0,416400.0,428100.0,685700.0,2523.279,1536446.387,100.0,0.0,0.0,4096,1572864,262144,262144,147456,0,114688,262144,4,0,1.0,0.0,1.0
derived_vectors,arithmetic_calibration,stateful_event,frame_total,4096,100,96,11,341,584716.7155454545,567425.5312000985,602007.8998908106,573200.0,593800.0,603600.0,690300.0,1741.71,2207342.548,100.0,0.0,0.0,4096,2359296,393216,393216,147456,0,114688,262144,4,0,1.0,0.0,1.0
derived_vectors,arithmetic_calibration,stateful_event,frame_total,4096,100,128,11,341,753285.0440909091,749162.8958871439,757407.1922946742,749400.0,768900.0,783800.0,817100.0,1333.878,2874347.71,100.0,0.0,0.0,4096,3145728,524288,524288,147456,0,114688,262144,4,0,1.0,0.0,1.0
derived_vectors,arithmetic_calibration,stateful_event,frame_total,4096,100,160,11,341,956714.3694545454,933792.505041353,979636.2338677378,939200.0,989500.0,992400.0,1529100.0,1062.16,3594405.935,100.0,12.609970674486803,0.0,4096,3932160,655360,655360,147456,0,114688,262144,4,0,1.0,0.0,1.0
derived_vectors,arithmetic_calibration,stateful_event,frame_total,4096,100,192,11,341,1126867.4485454545,1118178.676586478,1135556.220504431,1118100.0,1145800.0,1164600.0,1756800.0,889.726,4285282.419,100.0,100.0,0.0,4096,4718592,786432,786432,147456,0,114688,262144,4,0,1.0,0.0,1.0
derived_vectors,arithmetic_calibration,stateful_event,frame_total,4096,100,256,11,341,1491793.5483636362,1485233.949140081,1498353.1475871915,1485100.0,1511100.0,1526700.0,1734400.0,671.618,5670277.968,100.0,100.0,0.0,4096,6291456,1048576,1048576,147456,0,114688,262144,4,0,1.0,0.0,1.0
derived_vectors,arithmetic_calibration,stateful_event,frame_total,4096,100,1024,11,341,5947176.246363636,5897262.008943071,5997090.483784202,5895000.0,6094800.0,6580300.0,8812400.0,168.429,22346105.161,100.0,100.0,0.0,4096,25165824,4194304,4194304,147456,0,114688,262144,4,0,1.0,0.0,1.0
derived_vectors,arithmetic_calibration,stateful_event,tick_only,4096,100,1,11,13420,26.78081818181818,25.46991389392926,28.0917224697071,0.0,100.0,100.0,500.0,37308868.502,135904.123,0.0,0.0,0.0,4096,24576,4096,4096,147456,0,114688,262144,4,0,1.0,0.0,1.0
derived_vectors,arithmetic_calibration,stateful_event,tick_only,4096,100,4,11,3355,24.82872727272727,23.025675119776153,26.63177942567839,0.0,100.0,100.0,600.0,40666666.667,197361.6,0.0,0.0,0.0,4096,98304,16384,16384,147456,0,114688,262144,4,0,1.0,0.0,1.0
derived_vectors,arithmetic_calibration,stateful_event,tick_only,4096,100,16,11,836,34.80854545454545,28.26095447314313,41.356136435947775,0.0,100.0,200.0,300.0,28148148.148,475637.211,0.0,0.0,0.0,4096,393216,65536,65536,147456,0,114688,262144,4,0,1.0,0.0,1.0
derived_vectors,arithmetic_calibration,stateful_event,tick_only,4096,100,64,11,341,44.57472727272727,33.490385725171436,55.65906882028311,0.0,100.0,200.0,500.0,23846153.846,1523880.677,0.0,0.0,0.0,4096,1572864,262144,262144,147456,0,114688,262144,4,0,1.0,0.0,1.0
derived_vectors,arithmetic_calibration,stateful_event,tick_only,4096,100,96,11,341,39.882636363636365,30.130096149379582,49.63517657789315,0.0,100.0,100.0,400.0,28181818.182,2191252.806,0.0,0.0,0.0,4096,2359296,393216,393216,147456,0,114688,262144,4,0,1.0,0.0,1.0
derived_vectors,arithmetic_calibration,stateful_event,tick_only,4096,100,128,11,341,39.882636363636365,28.736872004604756,51.028400722667975,0.0,100.0,200.0,300.0,25833333.333,2880881.387,0.0,0.0,0.0,4096,3145728,524288,524288,147456,0,114688,262144,4,0,1.0,0.0,1.0
derived_vectors,arithmetic_calibration,stateful_event,tick_only,4096,100,160,11,341,43.98827272727272,31.49190492793246,56.484640526612985,0.0,100.0,200.0,300.0,23846153.846,3620088.065,0.0,0.0,0.0,4096,3932160,655360,655360,147456,0,114688,262144,4,0,1.0,0.0,1.0
derived_vectors,arithmetic_calibration,stateful_event,tick_only,4096,100,192,11,341,52.785999999999994,40.252002837419234,65.31999716258076,0.0,200.0,200.0,300.0,20666666.667,4288145.71,0.0,0.0,0.0,4096,4718592,786432,786432,147456,0,114688,262144,4,0,1.0,0.0,1.0
derived_vectors,arithmetic_calibration,stateful_event,tick_only,4096,100,256,11,341,43.98827272727272,32.14788029922552,55.828665155319925,0.0,100.0,200.0,300.0,28181818.182,5677288.968,0.0,0.0,0.0,4096,6291456,1048576,1048576,147456,0,114688,262144,4,0,1.0,0.0,1.0
derived_vectors,arithmetic_calibration,stateful_event,tick_only,4096,100,1024,11,341,66.86218181818182,46.25657857994871,87.46778505641494,0.0,100.0,300.0,400.0,19375000.0,22394215.355,0.0,0.0,0.0,4096,25165824,4194304,4194304,147456,0,114688,262144,4,0,1.0,0.0,1.0
derived_vectors,arithmetic_calibration,stateless_full,frame_total,4096,100,1,11,13420,13287.473909090908,12612.523119562007,13962.424698619809,12100.0,19100.0,23800.0,62100.0,75983.583,85146.627,0.0,0.0,0.0,4096,24576,4096,4096,98304,49152,0,147456,3,0,0.49356860900116856,-15600.0,0.5625
derived_vectors,arithmetic_calibration,stateless_full,frame_total,4096,100,4,11,3355,25059.67209090909,23936.857469132752,26182.48671268543,23500.0,30600.0,37800.0,85800.0,41208.42,123844.557,0.0,0.0,0.0,4096,98304,16384,16384,98304,49152,0,147456,3,0,0.5712169822664522,-20100.0,0.5625
derived_vectors,arithmetic_calibration,stateless_full,frame_total,4096,100,16,11,836,91868.66027272727,86541.7262614829,97195.59428397164,83300.0,107000.0,130600.0,197000.0,11295.908,374354.118,22.129186602870814,0.0,0.0,4096,393216,65536,65536,98304,49152,0,147456,3,0,0.7976159435309259,-11800.0,0.5625
derived_vectors,arithmetic_calibration,stateless_full,frame_total,4096,100,64,11,341,365092.0819090909,355803.63670317264,374380.5271150092,353400.0,382200.0,407500.0,866400.0,2784.414,1403153.129,100.0,0.0,0.0,4096,1572864,262144,262144,98304,49152,0,147456,3,0,0.9083529294222843,-20600.0,0.5625
derived_vectors,arithmetic_calibration,stateless_full,frame_total,4096,100,96,11,341,553801.4662727272,532290.3043969816,575312.6281484729,532100.0,549900.0,585300.0,1165100.0,1864.583,2061605.548,100.0,0.5865102639296188,0.0,4096,2359296,393216,393216,98304,49152,0,147456,3,0,0.9471278168542044,-18300.0,0.5625
derived_vectors,arithmetic_calibration,stateless_full,frame_total,4096,100,128,11,341,719273.3138181819,716635.1917390247,721911.435897339,718400.0,737000.0,745300.0,783800.0,1388.883,2756054.903,100.0,0.0,0.0,4096,3145728,524288,524288,98304,49152,0,147456,3,0,0.9548487912516918,-38500.0,0.5625
derived_vectors,arithmetic_calibration,stateless_full,frame_total,4096,100,160,11,341,918231.0849090909,905602.4872786873,930859.6825394945,905900.0,929300.0,937200.0,1652300.0,1096.693,3479796.129,100.0,2.6392961876832843,0.0,4096,3932160,655360,655360,98304,49152,0,147456,3,0,0.9597755758937799,-55200.0,0.5625
derived_vectors,arithmetic_calibration,stateless_full,frame_total,4096,100,192,11,341,1092282.698090909,1086294.8052776323,1098270.5909041858,1085600.0,1113100.0,1144900.0,1758300.0,916.813,4158070.065,100.0,100.0,0.0,4096,4718592,786432,786432,98304,49152,0,147456,3,0,0.969308945342962,-19700.0,0.5625
derived_vectors,arithmetic_calibration,stateless_full,frame_total,4096,100,256,11,341,1464850.1465454546,1448294.755999551,1481405.5370913583,1450900.0,1481800.0,1503700.0,2346500.0,687.179,5529655.871,100.0,100.0,0.0,4096,6291456,1048576,1048576,98304,49152,0,147456,3,0,0.9819389205378076,-23000.0,0.5625
derived_vectors,arithmetic_calibration,stateless_full,frame_total,4096,100,1024,11,341,6006395.8945454545,5988780.712984997,6024011.076105912,5976300.0,6354600.0,6778300.0,7287800.0,166.519,22627496.129,100.0,100.0,0.0,4096,25165824,4194304,4194304,98304,49152,0,147456,3,0,1.0099576077332546,198000.0,0.5625
derived_vectors,arithmetic_calibration,stateless_full,tick_only,4096,100,1,11,13420,10139.366636363637,9864.15214569155,10414.581127035723,9500.0,13700.0,18800.0,55300.0,98380.75,85345.61,0.0,0.0,0.0,4096,24576,4096,4096,98304,49152,0,147456,3,0,378.6055589312568,18700.0,0.5625
derived_vectors,arithmetic_calibration,stateless_full,tick_only,4096,100,4,11,3355,21672.876272727273,21245.85541904866,22099.897126405886,20900.0,24800.0,32400.0,135500.0,46579.819,123141.925,0.029806259314456036,0.0,0.0,4096,98304,16384,16384,98304,49152,0,147456,3,0,872.8951764085591,32300.0,0.5625
derived_vectors,arithmetic_calibration,stateless_full,tick_only,4096,100,16,11,836,87118.89945454545,83475.98499011654,90761.81391897435,80000.0,106400.0,126500.0,220000.0,11749.428,376310.539,14.5933014354067,0.0,0.0,4096,393216,65536,65536,98304,49152,0,147456,3,0,2502.802065323562,126300.0,0.5625
derived_vectors,arithmetic_calibration,stateless_full,tick_only,4096,100,64,11,341,350571.84763636364,346740.46933636547,354403.2259363618,346400.0,366500.0,378900.0,499200.0,2873.084,1364476.71,100.0,0.0,0.0,4096,1572864,262144,262144,98304,49152,0,147456,3,0,7864.811948066781,378700.0,0.5625
derived_vectors,arithmetic_calibration,stateless_full,tick_only,4096,100,96,11,341,551500.2931818181,530120.476353028,572880.1100106082,531700.0,556000.0,567800.0,1150100.0,1874.222,2066536.387,100.0,0.2932551319648094,0.0,4096,2359296,393216,393216,98304,49152,0,147456,3,0,13828.080173873796,567700.0,0.5625
derived_vectors,arithmetic_calibration,stateless_full,tick_only,4096,100,128,11,341,721058.0645454546,712097.2428939069,730018.8861970023,714900.0,737400.0,748900.0,1307900.0,1394.876,2751515.484,100.0,0.2932551319648094,0.0,4096,3145728,524288,524288,98304,49152,0,147456,3,0,18079.49850584328,748700.0,0.5625
derived_vectors,arithmetic_calibration,stateless_full,tick_only,4096,100,160,11,341,908121.9940909091,899752.9036416253,916491.084540193,902100.0,926000.0,935100.0,1168200.0,1102.16,3469481.387,100.0,0.2932551319648094,0.0,4096,3932160,655360,655360,98304,49152,0,147456,3,0,20644.638622690763,934900.0,0.5625
derived_vectors,arithmetic_calibration,stateless_full,tick_only,4096,100,192,11,341,1097154.5454545454,1083559.4180214955,1110749.6728875954,1083800.0,1114700.0,1149100.0,1818000.0,920.583,4165056.774,100.0,100.0,0.0,4096,4718592,786432,786432,98304,49152,0,147456,3,0,20784.953310622997,1148900.0,0.5625
derived_vectors,arithmetic_calibration,stateless_full,tick_only,4096,100,256,11,341,1459771.8475454545,1448983.1544058775,1470560.5406850316,1449500.0,1484800.0,1507300.0,2260700.0,687.958,5565199.742,100.0,100.0,0.0,4096,6291456,1048576,1048576,98304,49152,0,147456,3,0,33185.477788501485,1507100.0,0.5625
derived_vectors,arithmetic_calibration,stateless_full,tick_only,4096,100,1024,11,341,6035744.867909091,6010460.638202429,6061029.097615752,5988500.0,6285700.0,6852900.0,7442700.0,165.387,22686838.645,100.0,100.0,0.0,4096,25165824,4194304,4194304,98304,49152,0,147456,3,0,90271.43152944182,6852600.0,0.5625
derived_vectors,arithmetic_calibration,tick_selective,frame_total,4096,100,1,11,13420,22934.91809090909,22186.917485919348,23682.918695898832,21200.0,30800.0,39000.0,211700.0,44358.959,119663.864,0.022354694485842028,0.0,0.0,4096,24576,4096,4096,180224,0,114688,294912,3,0,0.8519268370446957,-400.0,1.125
derived_vectors,arithmetic_calibration,tick_selective,frame_total,4096,100,4,11,3355,33610.84954545454,32364.25914958457,34857.43994132451,31600.0,40900.0,49100.0,127900.0,30754.959,154473.348,0.05961251862891207,0.0,0.0,4096,98304,16384,16384,180224,0,114688,294912,3,0,0.7661348472205732,-8800.0,1.125
derived_vectors,arithmetic_calibration,tick_selective,frame_total,4096,100,16,11,836,102177.99045454546,93955.60648917675,110400.37441991418,89400.0,115300.0,142800.0,182100.0,10530.108,397476.461,40.430622009569376,0.0,0.0,4096,393216,65536,65536,180224,0,114688,294912,3,0,0.8871229211632521,400.0,1.125
derived_vectors,arithmetic_calibration,tick_selective,frame_total,4096,100,64,11,341,368273.90027272725,358310.02908240724,378237.77146304725,359400.0,388200.0,406000.0,759100.0,2752.571,1408707.968,100.0,0.0,0.0,4096,1572864,262144,262144,180224,0,114688,294912,3,0,0.916269326886687,-22100.0,1.125
derived_vectors,arithmetic_calibration,tick_selective,frame_total,4096,100,96,11,341,557625.8065454545,537226.8574388917,578024.7556520174,539300.0,558300.0,592600.0,669500.0,1850.68,2078441.613,100.0,0.0,0.0,4096,2359296,393216,393216,180224,0,114688,294912,3,0,0.953668317871282,-11000.0,1.125
derived_vectors,arithmetic_calibration,tick_selective,frame_total,4096,100,128,11,341,726515.2492727273,722127.5597171697,730902.9388282849,721500.0,752500.0,762400.0,871300.0,1380.379,2766504.129,100.0,0.0,0.0,4096,3145728,524288,524288,180224,0,114688,294912,3,0,0.9644625961604103,-21400.0,1.125
derived_vectors,arithmetic_calibration,tick_selective,frame_total,4096,100,160,11,341,915387.6833636365,904276.5539466209,926498.8127806521,907300.0,936000.0,956600.0,1011600.0,1097.493,3473201.129,100.0,0.8797653958944281,0.0,4096,3932160,655360,655360,180224,0,114688,294912,3,0,0.9568035273532364,-35800.0,1.125
derived_vectors,arithmetic_calibration,tick_selective,frame_total,4096,100,192,11,341,1094714.076181818,1087364.6380156477,1102063.5143479884,1086800.0,1122800.0,1152400.0,1216300.0,913.024,4170660.516,100.0,100.0,0.0,4096,4718592,786432,786432,180224,0,114688,294912,3,0,0.9714665887233325,-12200.0,1.125
derived_vectors,arithmetic_calibration,tick_selective,frame_total,4096,100,256,11,341,1474487.390090909,1465250.22682453,1483724.5533572882,1466300.0,1508200.0,1533700.0,2210300.0,678.826,5606543.29,100.0,100.0,0.0,4096,6291456,1048576,1048576,180224,0,114688,294912,3,0,0.988399092963158,7000.0,1.125
derived_vectors,arithmetic_calibration,tick_selective,frame_total,4096,100,1024,11,341,5873617.5953636365,5843827.204221754,5903407.986505519,5838700.0,5975000.0,6508400.0,7256000.0,170.497,22073338.903,100.0,100.0,0.0,4096,25165824,4194304,4194304,180224,0,114688,294912,3,0,0.987631331584468,-71900.0,1.125
derived_vectors,arithmetic_calibration,tick_selective,tick_only,4096,100,1,11,13420,15778.233999999999,15166.145166000908,16390.32283399909,14500.0,23000.0,28500.0,91700.0,64435.712,119961.396,0.0,0.0,0.0,4096,24576,4096,4096,180224,0,114688,294912,3,0,589.1617609618825,28400.0,1.125
derived_vectors,arithmetic_calibration,tick_selective,tick_only,4096,100,4,11,3355,26558.658818181815,25413.420400414685,27703.897235948945,25000.0,34700.0,41000.0,84700.0,38686.928,158036.259,0.0,0.0,0.0,4096,98304,16384,16384,180224,0,114688,294912,3,0,1069.6745961422985,40900.0,1.125
derived_vectors,arithmetic_calibration,tick_selective,tick_only,4096,100,16,11,836,87825.47836363636,85732.81839263777,89918.13833463495,82000.0,106500.0,135200.0,156400.0,11406.616,400046.776,14.354066985645932,0.0,0.0,4096,393216,65536,65536,180224,0,114688,294912,3,0,2523.101072359452,135000.0,1.125
derived_vectors,arithmetic_calibration,tick_selective,tick_only,4096,100,64,11,341,358972.14063636365,352841.222706913,365103.0585658143,352000.0,392500.0,399300.0,646700.0,2807.92,1418606.484,100.0,0.0,0.0,4096,1572864,262144,262144,180224,0,114688,294912,3,0,8053.266112880923,399100.0,1.125
derived_vectors,arithmetic_calibration,tick_selective,tick_only,4096,100,96,11,341,551309.9706363636,532330.988841079,570288.9524316483,534400.0,562100.0,597000.0,1255000.0,1859.104,2098948.29,100.0,0.2932551319648094,0.0,4096,2359296,393216,393216,180224,0,114688,294912,3,0,13823.30810856399,596900.0,1.125
derived_vectors,arithmetic_calibration,tick_selective,tick_only,4096,100,128,11,341,724000.8798181819,711998.8061635818,736002.9534727819,715300.0,750700.0,764000.0,844800.0,1391.745,2769758.677,100.0,0.0,0.0,4096,3145728,524288,524288,180224,0,114688,294912,3,0,18153.28538507302,763800.0,1.125
derived_vectors,arithmetic_calibration,tick_selective,tick_only,4096,100,160,11,341,915753.3725454545,898947.3627931789,932559.3822977302,902900.0,935700.0,942400.0,1732100.0,1102.563,3494429.71,100.0,3.225806451612903,0.0,4096,3932160,655360,655360,180224,0,114688,294912,3,0,20818.125281324985,942200.0,1.125
derived_vectors,arithmetic_calibration,tick_selective,tick_only,4096,100,192,11,341,1087058.9441818183,1081146.014517875,1092971.8738457616,1081000.0,1130600.0,1138400.0,1269000.0,919.568,4179176.516,100.0,100.0,0.0,4096,4718592,786432,786432,180224,0,114688,294912,3,0,20593.698029436186,1138200.0,1.125
derived_vectors,arithmetic_calibration,tick_selective,tick_only,4096,100,256,11,341,1466659.2375454546,1457907.5752980935,1475410.8997928158,1457600.0,1496800.0,1516400.0,2128800.0,681.485,5614569.968,100.0,100.0,0.0,4096,6291456,1048576,1048576,180224,0,114688,294912,3,0,33342.05111072993,1516200.0,1.125
derived_vectors,arithmetic_calibration,tick_selective,tick_only,4096,100,1024,11,341,5885380.938454545,5829999.068703443,5940762.808205647,5834900.0,5967400.0,6070500.0,7610900.0,170.899,22071736.71,100.0,100.0,0.0,4096,25165824,4194304,4194304,180224,0,114688,294912,3,0,88022.56789134773,6070200.0,1.125
derived_vectors,change_density,stateful_event,frame_total,64,0,16,11,22011,25.073818181818183,23.711352193293063,26.436284170343303,0.0,100.0,100.0,18200.0,41172839.506,191.261,0.0,0.0,0.0,0,0,0,0,2304,0,0,2304,4,1,1.0,0.0,1.0
derived_vectors,change_density,stateful_event,frame_total,64,1,16,11,22011,51.288090909090904,50.34445458657734,52.23172723160447,100.0,100.0,100.0,8800.0,19617647.059,298.739,0.0,0.0,0.0,1,96,16,16,2304,0,28,2332,4,0,1.0,0.0,1.0
derived_vectors,change_density,stateful_event,frame_total,64,10,16,11,22011,214.27927272727274,211.84615370524818,216.7123917492973,200.0,300.0,300.0,15400.0,4709343.375,942.279,0.0,0.0,0.0,7,672,112,112,2304,0,196,2500,4,0,1.0,0.0,1.0
derived_vectors,change_density,stateful_event,frame_total,64,100,16,11,22011,1810.3084545454547,1762.8893535562606,1857.7275555346487,1800.0,1800.0,2100.0,43400.0,558268.002,7297.686,0.0,0.0,0.0,64,6144,1024,1024,2304,0,1792,4096,4,0,1.0,0.0,1.0
derived_vectors,change_density,stateful_event,frame_total,256,0,16,11,22011,23.824272727272728,23.308233533217802,24.340311921327654,0.0,100.0,100.0,200.0,42304439.746,182.731,0.0,0.0,0.0,0,0,0,0,9216,0,0,9216,4,1,1.0,0.0,1.0
derived_vectors,change_density,stateful_event,frame_total,256,1,16,11,22011,105.429,103.3189324278692,107.5390675721308,100.0,100.0,200.0,15700.0,9624819.625,505.923,0.0,0.0,0.0,3,288,48,48,9216,0,84,9300,4,0,1.0,0.0,1.0
derived_vectors,change_density,stateful_event,frame_total,256,10,16,11,22011,750.3703636363637,740.3544477373064,760.386279535421,700.0,800.0,900.0,30300.0,1328067.963,3115.15,0.0,0.0,0.0,26,2496,416,416,9216,0,728,9944,4,0,1.0,0.0,1.0
derived_vectors,change_density,stateful_event,frame_total,256,100,16,11,22011,7196.229,7097.228468018578,7295.229531981423,6900.0,7500.0,12600.0,57300.0,139217.432,29287.799,0.0,0.0,0.0,256,24576,4096,4096,9216,0,7168,16384,4,0,1.0,0.0,1.0
derived_vectors,change_density,stateful_event,frame_total,1024,0,16,11,8943,26.31081818181818,22.078319390234164,30.5433169734022,0.0,100.0,100.0,17400.0,41479591.837,183.819,0.0,0.0,0.0,0,0,0,0,36864,0,0,36864,4,1,1.0,0.0,1.0
derived_vectors,change_density,stateful_event,frame_total,1024,1,16,11,8943,324.13036363636365,318.769149825724,329.4915774470033,300.0,400.0,400.0,15700.0,3136574.074,1389.367,0.0,0.0,0.0,11,1056,176,176,36864,0,308,37172,4,0,1.0,0.0,1.0
derived_vectors,change_density,stateful_event,frame_total,1024,10,16,11,8943,2873.3868181818184,2829.1016183258876,2917.6720180377492,2800.0,2900.0,3200.0,41200.0,351567.568,11605.273,0.0,0.0,0.0,103,9888,1648,1648,36864,0,2884,39748,4,0,1.0,0.0,1.0
derived_vectors,change_density,stateful_event,frame_total,1024,100,16,11,8943,28384.15509090909,27998.480378148226,28769.829803669956,27500.0,31300.0,39100.0,77600.0,35556.216,114382.974,0.0,0.0,0.0,1024,98304,16384,16384,36864,0,28672,65536,4,0,1.0,0.0,1.0
derived_vectors,change_density,stateful_event,frame_total,4096,0,16,11,2233,29.691181818181818,17.299458225294444,42.08290541106919,0.0,100.0,100.0,12600.0,41428571.429,188.714,0.0,0.0,0.0,0,0,0,0,147456,0,0,147456,4,1,1.0,0.0,1.0
derived_vectors,change_density,stateful_event,frame_total,4096,1,16,11,2233,1152.8435454545454,1124.2772881079209,1181.40980280117,1100.0,1200.0,1200.0,21100.0,888013.998,4674.916,0.0,0.0,0.0,41,3936,656,656,147456,0,1148,148604,4,0,1.0,0.0,1.0
derived_vectors,change_density,stateful_event,frame_total,4096,10,16,11,2233,11381.639090909091,11199.459530235044,11563.818651583138,11000.0,11300.0,20300.0,70400.0,88921.985,45955.099,0.0,0.0,0.0,410,39360,6560,6560,147456,0,11480,158936,4,0,1.0,0.0,1.0
derived_vectors,change_density,stateful_event,frame_total,4096,100,16,11,2233,115305.73218181818,113407.21537362841,117204.24899000795,111500.0,132500.0,139500.0,308500.0,8706.468,478870.951,100.0,0.0,0.0,4096,393216,65536,65536,147456,0,114688,262144,4,0,1.0,0.0,1.0
derived_vectors,change_density,stateful_event,tick_only,64,0,16,11,22011,23.64290909090909,22.436585506610022,24.849232675208157,0.0,100.0,100.0,400.0,43500000.0,184.248,0.0,0.0,0.0,0,0,0,0,2304,0,0,2304,4,1,1.0,0.0,1.0
derived_vectors,change_density,stateful_event,tick_only,64,1,16,11,22011,23.751636363636365,22.644679613139203,24.858593114133527,0.0,100.0,100.0,9700.0,43218142.549,304.805,0.0,0.0,0.0,1,96,16,16,2304,0,28,2332,4,0,1.0,0.0,1.0
derived_vectors,change_density,stateful_event,tick_only,64,10,16,11,22011,23.265545454545453,22.789501911406475,23.74158899768443,0.0,100.0,100.0,200.0,42756410.256,955.169,0.0,0.0,0.0,7,672,112,112,2304,0,196,2500,4,0,1.0,0.0,1.0
derived_vectors,change_density,stateful_event,tick_only,64,100,16,11,22011,23.765363636363634,22.43044734427906,25.10027992844821,0.0,100.0,100.0,500.0,42484076.433,7273.424,0.0,0.0,0.0,64,6144,1024,1024,2304,0,1792,4096,4,0,1.0,0.0,1.0
derived_vectors,change_density,stateful_event,tick_only,256,0,16,11,22011,23.606272727272724,22.64832613397111,24.564219320574338,0.0,100.0,100.0,9200.0,43311688.312,182.542,0.0,0.0,0.0,0,0,0,0,9216,0,0,9216,4,1,1.0,0.0,1.0
derived_vectors,change_density,stateful_event,tick_only,256,1,16,11,22011,27.277272727272727,17.67382916553879,36.88071628900666,0.0,100.0,100.0,55500.0,43125000.0,515.97,0.0,0.0,0.0,3,288,48,48,9216,0,84,9300,4,0,1.0,0.0,1.0
derived_vectors,change_density,stateful_event,tick_only,256,10,16,11,22011,24.17881818181818,22.639988848978856,25.717647514657504,0.0,100.0,100.0,13700.0,42126315.789,3079.704,0.0,0.0,0.0,26,2496,416,416,9216,0,728,9944,4,0,1.0,0.0,1.0
derived_vectors,change_density,stateful_event,tick_only,256,100,16,11,22011,25.823454545454545,22.680967418702437,28.965941672206654,0.0,100.0,100.0,22800.0,40836734.694,29019.387,0.0,0.0,0.0,256,24576,4096,4096,9216,0,7168,16384,4,0,1.0,0.0,1.0
derived_vectors,change_density,stateful_event,tick_only,1024,0,16,11,8943,23.481818181818184,22.85313891190633,24.110497451730037,0.0,100.0,100.0,200.0,42789473.684,185.685,0.0,0.0,0.0,0,0,0,0,36864,0,0,36864,4,1,1.0,0.0,1.0
derived_vectors,change_density,stateful_event,tick_only,1024,1,16,11,8943,23.403545454545455,22.6727803283429,24.13431058074801,0.0,100.0,100.0,100.0,43244680.851,1413.161,0.0,0.0,0.0,11,1056,176,176,36864,0,308,37172,4,0,1.0,0.0,1.0
derived_vectors,change_density,stateful_event,tick_only,1024,10,16,11,8943,22.788545454545456,21.565163018562473,24.01192789052844,0.0,100.0,100.0,200.0,44426229.508,11574.017,0.0,0.0,0.0,103,9888,1648,1648,36864,0,2884,39748,4,0,1.0,0.0,1.0
derived_vectors,change_density,stateful_event,tick_only,1024,100,16,11,8943,25.584,23.604388803112546,27.563611196887454,0.0,100.0,100.0,4400.0,40447761.194,114492.141,0.0,0.0,0.0,1024,98304,16384,16384,36864,0,28672,65536,4,0,1.0,0.0,1.0
derived_vectors,change_density,stateful_event,tick_only,4096,0,16,11,2233,22.167545454545458,20.546370464718066,23.78872044437285,0.0,100.0,100.0,100.0,43191489.362,186.847,0.0,0.0,0.0,0,0,0,0,147456,0,0,147456,4,1,1.0,0.0,1.0
derived_vectors,change_density,stateful_event,tick_only,4096,1,16,11,2233,22.884090909090908,21.943900853767545,23.82428096441427,0.0,100.0,100.0,100.0,43191489.362,4712.291,0.0,0.0,0.0,41,3936,656,656,147456,0,1148,148604,4,0,1.0,0.0,1.0
derived_vectors,change_density,stateful_event,tick_only,4096,10,16,11,2233,23.779636363636367,21.280853716580225,26.27841901069251,0.0,100.0,100.0,200.0,38301886.792,46084.015,0.0,0.0,0.0,410,39360,6560,6560,147456,0,11480,158936,4,0,1.0,0.0,1.0
derived_vectors,change_density,stateful_event,tick_only,4096,100,16,11,2233,32.64663636363636,28.45268693693344,36.84058579033928,0.0,100.0,100.0,500.0,31718750.0,475730.034,0.0,0.0,0.0,4096,393216,65536,65536,147456,0,114688,262144,4,0,1.0,0.0,1.0
derived_vectors,change_density,stateless_full,frame_total,64,0,16,11,22011,1560.5424545454546,1407.4913441291014,1713.5935649618077,1300.0,1700.0,2000.0,766000.0,627213.742,5695.567,0.018172731815910226,0.0,0.0,0,6144,1024,1024,1536,768,0,2304,3,1,62.237926558670395,1900.0,1.0
derived_vectors,change_density,stateless_full,frame_total,64,1,16,11,22011,1331.8114545454546,1278.8673898026789,1384.7555192882303,1300.0,1300.0,1800.0,53700.0,769142.066,4997.434,0.0,0.0,0.0,1,6144,1024,1024,1536,768,0,2304,3,0,25.967265128002428,1700.0,0.9879931389365352
derived_vectors,change_density,stateless_full,frame_total,64,10,16,11,22011,1310.6039090909092,1291.8952684247913,1329.312549757027,1300.0,1300.0,1900.0,38600.0,771217.143,5052.405,0.0,0.0,0.0,7,6144,1024,1024,1536,768,0,2304,3,0,6.116335436507667,1600.0,0.9216
derived_vectors,change_density,stateless_full,frame_total,64,100,16,11,22011,1372.8408181818181,1328.9192749560814,1416.7623614075549,1300.0,1400.0,1700.0,149500.0,746976.258,5646.282,0.009086365907955113,0.0,0.0,64,6144,1024,1024,1536,768,0,2304,3,0,0.758346355138976,-400.0,0.5625
derived_vectors,change_density,stateless_full,frame_total,256,0,16,11,22011,5285.911545454545,5060.378903030829,5511.444187878262,5000.0,5700.0,7800.0,111900.0,194134.254,19451.967,0.0045431829539775564,0.0,0.0,0,24576,4096,4096,6144,3072,0,9216,3,1,221.87084600502925,7700.0,1.0
derived_vectors,change_density,stateless_full,frame_total,256,1,16,11,22011,5135.7139090909095,5033.311586502966,5238.116231678853,5000.0,5100.0,7400.0,56400.0,196305.416,19342.404,0.0,0.0,0.0,3,24576,4096,4096,6144,3072,0,9216,3,0,48.71253553662569,7200.0,0.9909677419354839
derived_vectors,change_density,stateless_full,frame_total,256,10,16,11,22011,5516.282818181818,5299.9844535945585,5732.581182769077,5000.0,6700.0,9100.0,163200.0,181714.161,20989.641,0.009086365907955113,0.0,0.0,26,24576,4096,4096,6144,3072,0,9216,3,0,7.351413495929403,8200.0,0.9267900241351569
derived_vectors,change_density,stateless_full,frame_total,256,100,16,11,22011,5516.9686363636365,5304.564654051713,5729.37261867556,5100.0,6400.0,9500.0,82500.0,183640.318,22692.224,0.0,0.0,0.0,256,24576,4096,4096,6144,3072,0,9216,3,0,0.7666471753975084,-3100.0,0.5625
derived_vectors,change_density,stateless_full,frame_total,1024,0,16,11,8943,21701.285909090908,20666.881577762204,22735.69024041961,19900.0,26300.0,36800.0,243100.0,47110.498,79411.332,0.011181930001118194,0.0,0.0,0,98304,16384,16384,24576,12288,0,36864,3,1,824.8046776472864,36700.0,1.0
derived_vectors,change_density,stateless_full,frame_total,1024,1,16,11,8943,21434.943727272726,20798.98189957032,22070.905554975132,19900.0,27300.0,35900.0,64000.0,46988.244,80215.185,0.0,0.0,0.0,11,98304,16384,16384,24576,12288,0,36864,3,0,66.13062561247803,35500.0,0.9917141934789626
derived_vectors,change_density,stateless_full,frame_total,1024,10,16,11,8943,20993.044818181817,20035.221080434276,21950.86855592936,19900.0,23800.0,30700.0,151900.0,49014.584,77902.064,0.011181930001118194,0.0,0.0,103,98304,16384,16384,24576,12288,0,36864,3,0,7.3060280938664235,27500.0,0.9274428902083124
derived_vectors,change_density,stateless_full,frame_total,1024,100,16,11,8943,21518.975818181818,20905.82890660647,22132.122729757164,20600.0,25200.0,31700.0,61100.0,47176.38,88297.121,0.0,0.0,0.0,1024,98304,16384,16384,24576,12288,0,36864,3,0,0.7581333934112395,-7400.0,0.5625
derived_vectors,change_density,stateless_full,frame_total,4096,0,16,11,2233,83072.772,80913.18318762467,85232.36081237532,79300.0,92200.0,99200.0,163700.0,12260.009,307309.616,3.269144648454993,0.0,0.0,0,393216,65536,65536,98304,49152,0,147456,3,1,2797.8937486795894,99100.0,1.0
derived_vectors,change_density,stateless_full,frame_total,4096,1,16,11,2233,81232.69154545454,80496.70193825549,81968.68115265359,79300.0,90100.0,97700.0,146400.0,12353.944,305603.709,1.1195700850873265,0.0,0.0,41,393216,65536,65536,98304,49152,0,147456,3,0,70.46289313562141,96500.0,0.9922747705310759
derived_vectors,change_density,stateless_full,frame_total,4096,10,16,11,2233,83814.42,81757.69356887473,85871.14643112526,79700.0,94100.0,102900.0,262300.0,12168.44,315444.931,4.164800716524854,0.0,0.0,410,393216,65536,65536,98304,49152,0,147456,3,0,7.364002612501171,82600.0,0.9277696682941562
derived_vectors,change_density,stateless_full,frame_total,4096,100,16,11,2233,89779.53427272727,85728.47930248136,93830.58924297318,83100.0,106500.0,120300.0,225100.0,11336.412,372156.813,17.86833855799373,0.0,0.0,4096,393216,65536,65536,98304,49152,0,147456,3,0,0.7786216051354645,-19200.0,0.5625
derived_vectors,change_density,stateless_full,tick_only,64,0,16,11,22011,1483.5581818181818,1409.3438287928038,1557.7725348435597,1300.0,1600.0,2000.0,314700.0,693683.7,5491.036,0.0045431829539775564,0.0,0.0,0,6144,1024,1024,1536,768,0,2304,3,1,62.74854655633825,1900.0,1.0
derived_vectors,change_density,stateless_full,tick_only,64,1,16,11,22011,1301.2267272727274,1286.1734167580694,1316.2800377873855,1300.0,1300.0,1500.0,55800.0,772348.309,4991.557,0.0,0.0,0.0,1,6144,1024,1024,1536,768,0,2304,3,0,54.78471913896842,1400.0,0.9879931389365352
derived_vectors,change_density,stateless_full,tick_only,64,10,16,11,22011,1360.1428181818183,1296.7572585543558,1423.5283778092808,1300.0,1500.0,2000.0,120100.0,758270.491,5143.013,0.0045431829539775564,0.0,0.0,7,6144,1024,1024,1536,768,0,2304,3,0,58.46167762708024,1900.0,0.9216
derived_vectors,change_density,stateless_full,tick_only,64,100,16,11,22011,1315.424090909091,1269.6391498917567,1361.2090319264255,1300.0,1300.0,1700.0,25600.0,774560.656,5620.502,0.0,0.0,0.0,64,6144,1024,1024,1536,768,0,2304,3,0,55.35047184787641,1600.0,0.5625
derived_vectors,change_density,stateless_full,tick_only,256,0,16,11,22011,5279.137636363636,5079.300499063852,5478.974773663421,5000.0,6100.0,8100.0,664400.0,192743.0,19582.571,0.0045431829539775564,0.0,0.0,0,24576,4096,4096,6144,3072,0,9216,3,1,223.63283256761494,8000.0,1.0
derived_vectors,change_density,stateless_full,tick_only,256,1,16,11,22011,5122.652363636364,5062.4494653220345,5182.855261950693,5000.0,5100.0,7500.0,41200.0,196521.346,19313.212,0.0,0.0,0.0,3,24576,4096,4096,6144,3072,0,9216,3,0,187.79928678553574,7400.0,0.9909677419354839
derived_vectors,change_density,stateless_full,tick_only,256,10,16,11,22011,5437.999272727273,5191.328572214468,5684.6699732400775,5000.0,6500.0,9100.0,82100.0,186380.529,20561.246,0.0,0.0,0.0,26,24576,4096,4096,6144,3072,0,9216,3,0,224.90757124004108,9000.0,0.9267900241351569
derived_vectors,change_density,stateless_full,tick_only,256,100,16,11,22011,5500.645181818182,5151.9116497275245,5849.37871390884,5000.0,5200.0,8900.0,262400.0,193855.901,21932.677,0.01362954886193267,0.0,0.0,256,24576,4096,4096,6144,3072,0,9216,3,0,213.0096564786065,8800.0,0.5625
derived_vectors,change_density,stateless_full,tick_only,1024,0,16,11,8943,21683.819727272727,20952.09176823518,22415.547686310274,19900.0,26500.0,39900.0,71800.0,46218.917,81270.504,0.0,0.0,0.0,0,98304,16384,16384,24576,12288,0,36864,3,1,923.4301858304297,39800.0,1.0
derived_vectors,change_density,stateless_full,tick_only,1024,1,16,11,8943,21089.377272727274,20668.371625463482,21510.382919991065,19900.0,26200.0,36500.0,224000.0,47514.962,79475.715,0.011181930001118194,0.0,0.0,11,98304,16384,16384,24576,12288,0,36864,3,0,901.1189058378878,36400.0,0.9917141934789626
derived_vectors,change_density,stateless_full,tick_only,1024,10,16,11,8943,20660.930272727273,20418.612689070727,20903.24785638382,19800.0,24700.0,31600.0,105100.0,48438.99,79332.952,0.011181930001118194,0.0,0.0,103,98304,16384,16384,24576,12288,0,36864,3,0,906.6366396195856,31500.0,0.9274428902083124
derived_vectors,change_density,stateless_full,tick_only,1024,100,16,11,8943,20959.823272727273,20493.96145106451,21425.685094390035,19900.0,26200.0,34500.0,63000.0,47883.807,90456.29,0.0,0.0,0.0,1024,98304,16384,16384,24576,12288,0,36864,3,0,819.255131047814,34400.0,0.5625
derived_vectors,change_density,stateless_full,tick_only,4096,0,16,11,2233,82238.82654545455,80748.83528636221,83728.81780454688,79300.0,92100.0,105400.0,160000.0,12292.228,306384.729,3.090013434841021,0.0,0.0,0,393216,65536,65536,98304,49152,0,147456,3,1,3709.87517377985,105300.0,1.0
derived_vectors,change_density,stateless_full,tick_only,4096,1,16,11,2233,82220.77927272726,79204.30673075987,85237.25181469465,79200.0,90100.0,96400.0,135800.0,12383.712,305566.315,4.075235109717869,0.0,0.0,41,393216,65536,65536,98304,49152,0,147456,3,0,3592.9231184824707,96300.0,0.9922747705310759
derived_vectors,change_density,stateless_full,tick_only,4096,10,16,11,2233,83738.558,81178.94869332526,86298.16730667475,79300.0,95300.0,107800.0,251300.0,12113.617,318333.611,5.060456784594716,0.0,0.0,410,393216,65536,65536,98304,49152,0,147456,3,0,3521.4398033458724,107700.0,0.9277696682941562
derived_vectors,change_density,stateless_full,tick_only,4096,100,16,11,2233,84240.25981818182,81582.32662496463,86898.19301139901,79500.0,97900.0,117300.0,218900.0,12037.119,367272.655,6.806986117330945,0.0,0.0,4096,393216,65536,65536,98304,49152,0,147456,3,0,2580.365673200358,117200.0,0.5625
derived_vectors,change_density,tick_selective,frame_total,64,0,16,11,22011,108.35036363636364,94.15524192506395,122.54548534766333,100.0,200.0,200.0,84700.0,8443037.975,490.569,0.0,0.0,0.0,0,0,0,0,2816,0,0,2816,3,1,4.321255057792989,100.0,1.2222222222222223
derived_vectors,change_density,tick_selective,frame_total,64,1,16,11,22011,107.87790909090909,99.77137193018463,115.98444625163354,100.0,100.0,200.0,12900.0,9704170.708,493.033,0.0,0.0,0.0,1,96,16,16,2816,0,28,2844,3,0,2.1033715074738244,100.0,1.2195540308747856
derived_vectors,change_density,tick_selective,frame_total,64,10,16,11,22011,223.57454545454542,206.71378883288807,240.43530207620276,200.0,300.0,300.0,26000.0,4607414.23,975.83,0.0,0.0,0.0,7,672,112,112,2816,0,196,3012,3,0,1.0433792434002862,0.0,1.2048
derived_vectors,change_density,tick_selective,frame_total,64,100,16,11,22011,1474.1265454545455,1402.3292376931652,1545.9238532159259,1400.0,1400.0,2000.0,52200.0,702598.315,5892.514,0.0,0.0,0.0,64,6144,1024,1024,2816,0,1792,4608,3,0,0.8142957857558478,-100.0,1.125
derived_vectors,change_density,tick_selective,frame_total,256,0,16,11,22011,324.7150909090909,300.4850428981474,348.9451389200344,300.0,300.0,400.0,19600.0,3227419.355,1255.234,0.0,0.0,0.0,0,0,0,0,11264,0,0,11264,3,1,13.629590906142322,300.0,1.2222222222222223
derived_vectors,change_density,tick_selective,frame_total,256,1,16,11,22011,362.78227272727275,356.86032641523514,368.7042190393104,400.0,400.0,400.0,16100.0,2773004.435,1480.427,0.0,0.0,0.0,3,288,48,48,11264,0,84,11348,3,0,3.441010279214189,200.0,1.2202150537634409
derived_vectors,change_density,tick_selective,frame_total,256,10,16,11,22011,899.2821818181818,795.0774919996828,1003.4868716366808,800.0,900.0,1400.0,28000.0,1214641.253,3439.29,0.0,0.0,0.0,26,2496,416,416,11264,0,728,11992,3,0,1.1984510921515847,500.0,1.2059533386967016
derived_vectors,change_density,tick_selective,frame_total,256,100,16,11,22011,5918.972454545455,5724.145823512904,6113.799085578005,5500.0,7300.0,9800.0,122300.0,165826.897,25184.875,0.0045431829539775564,0.0,0.0,256,24576,4096,4096,11264,0,7168,18432,3,0,0.8225102973439915,-2800.0,1.125
derived_vectors,change_density,tick_selective,frame_total,1024,0,16,11,8943,1323.8622727272727,1174.9211078972078,1472.8034375573377,1200.0,1200.0,2000.0,32900.0,836591.891,4602.454,0.0,0.0,0.0,0,0,0,0,45056,0,0,45056,3,1,50.316271564755596,1900.0,1.2222222222222223
derived_vectors,change_density,tick_selective,frame_total,1024,1,16,11,8943,1428.2567272727274,1381.9107631072975,1474.6026914381573,1400.0,1400.0,1500.0,28700.0,713972.073,5486.554,0.0,0.0,0.0,11,1056,176,176,45056,0,308,45364,3,0,4.406426819287638,1100.0,1.2203809318842138
derived_vectors,change_density,tick_selective,frame_total,1024,10,16,11,8943,3057.9222727272722,3016.7146235313426,3099.129921923202,3000.0,3000.0,4600.0,41900.0,329978.083,12343.346,0.0,0.0,0.0,103,9888,1648,1648,45056,0,2884,47940,3,0,1.064222280612473,1400.0,1.2060984200462916
derived_vectors,change_density,tick_selective,frame_total,1024,100,16,11,8943,23530.49327272727,22661.489431412425,24399.49711404212,22000.0,29700.0,36900.0,134700.0,43380.591,95642.386,0.011181930001118194,0.0,0.0,1024,98304,16384,16384,45056,0,28672,73728,3,0,0.829001011210781,-2200.0,1.125
derived_vectors,change_density,tick_selective,frame_total,4096,0,16,11,2233,4781.056909090908,4686.038309922511,4876.075508259306,4600.0,4700.0,4700.0,25000.0,212520.938,17821.498,0.0,0.0,0.0,0,0,0,0,180224,0,0,180224,3,1,161.02615713878927,4600.0,1.2222222222222223
derived_vectors,change_density,tick_selective,frame_total,4096,1,16,11,2233,5659.9643636363635,5367.516781293641,5952.411945979086,5300.0,5500.0,9400.0,46100.0,181801.899,21194.084,0.0,0.0,0.0,41,3936,656,656,180224,0,1148,181372,3,0,4.909568506457433,8200.0,1.2205055045624613
derived_vectors,change_density,tick_selective,frame_total,4096,10,16,11,2233,13195.342545454547,12242.45779365707,14148.227297252024,12100.0,16800.0,23300.0,62900.0,78850.262,51143.842,0.0,0.0,0.0,410,39360,6560,6560,180224,0,11480,191704,3,0,1.1593534498905456,3000.0,1.2061710373987014
derived_vectors,change_density,tick_selective,frame_total,4096,100,16,11,2233,98557.94900000001,92066.15268679164,105049.74531320838,89100.0,119700.0,137200.0,1188100.0,10437.125,402185.054,27.720555306762204,0.04478280340349306,0.0,4096,393216,65536,65536,180224,0,114688,294912,3,0,0.8547532471723984,-2300.0,1.125
derived_vectors,change_density,tick_selective,tick_only,64,0,16,11,22011,102.42145454545454,89.15956923294799,115.68333985796109,100.0,200.0,200.0,30200.0,10040140.492,476.732,0.0,0.0,0.0,0,0,0,0,2816,0,0,2816,3,1,4.332015749484758,100.0,1.2222222222222223
derived_vectors,change_density,tick_selective,tick_only,64,1,16,11,22011,105.17481818181818,100.96909420491086,109.3805421587255,100.0,100.0,200.0,16200.0,9713592.233,507.818,0.0,0.0,0.0,1,96,16,16,2816,0,28,2844,3,0,4.4281083025858505,100.0,1.2195540308747856
derived_vectors,change_density,tick_selective,tick_only,64,10,16,11,22011,223.3290909090909,202.93870196796314,243.71947985021865,200.0,300.0,400.0,35400.0,4692776.735,1000.093,0.0,0.0,0.0,7,672,112,112,2816,0,196,3012,3,0,9.599134107791077,300.0,1.2048
derived_vectors,change_density,tick_selective,tick_only,64,100,16,11,22011,1393.5169090909092,1323.4597050079353,1463.574113173883,1300.0,1400.0,1900.0,39900.0,747701.965,5926.823,0.0,0.0,0.0,64,6144,1024,1024,2816,0,1792,4608,3,0,58.63646483231901,1800.0,1.125
derived_vectors,change_density,tick_selective,tick_only,256,0,16,11,22011,338.1808181818182,301.69305340538995,374.6685829582465,300.0,300.0,300.0,29300.0,3254187.673,1249.738,0.0,0.0,0.0,0,0,0,0,11264,0,0,11264,3,1,14.325887957361106,200.0,1.2222222222222223
derived_vectors,change_density,tick_selective,tick_only,256,1,16,11,22011,358.18454545454546,351.7771923340215,364.5918985750694,300.0,400.0,400.0,23900.0,2807632.945,1484.408,0.0,0.0,0.0,3,288,48,48,11264,0,84,11348,3,0,13.131244792534577,300.0,1.2202150537634409
derived_vectors,change_density,tick_selective,tick_only,256,10,16,11,22011,867.3617272727272,774.3829236757203,960.340530869734,800.0,1100.0,1300.0,27000.0,1229039.985,3546.01,0.0,0.0,0.0,26,2496,416,416,11264,0,728,11992,3,0,35.872792489293786,1200.0,1.2059533386967016
derived_vectors,change_density,tick_selective,tick_only,256,100,16,11,22011,5782.158909090909,5393.845735093279,6170.47208308854,5200.0,6600.0,9400.0,68600.0,183722.937,24057.4,0.0,0.0,0.0,256,24576,4096,4096,11264,0,7168,18432,3,0,223.91113082539482,9300.0,1.125
derived_vectors,change_density,tick_selective,tick_only,1024,0,16,11,8943,1325.2375454545454,1195.4192536982312,1455.0558372108596,1200.0,1300.0,2200.0,31000.0,814547.641,4720.022,0.0,0.0,0.0,0,0,0,0,45056,0,0,45056,3,1,56.436751838946954,2100.0,1.2222222222222223
derived_vectors,change_density,tick_selective,tick_only,1024,1,16,11,8943,1504.5846363636365,1380.138250004117,1629.031022723156,1400.0,1600.0,2400.0,28700.0,690094.22,5707.23,0.0,0.0,0.0,11,1056,176,176,45056,0,308,45364,3,0,64.28874801409266,2300.0,1.2203809318842138
derived_vectors,change_density,tick_selective,tick_only,1024,10,16,11,8943,3045.186181818182,2913.030791447232,3177.341572189132,2800.0,3000.0,4900.0,87500.0,341166.597,12512.7,0.0,0.0,0.0,103,9888,1648,1648,45056,0,2884,47940,3,0,133.62793109776044,4800.0,1.2060984200462916
derived_vectors,change_density,tick_selective,tick_only,1024,100,16,11,8943,21530.560181818182,21024.381945811623,22036.73841782474,20500.0,27800.0,33300.0,480800.0,46906.913,94931.836,0.022363860002236387,0.0,0.0,1024,98304,16384,16384,45056,0,28672,73728,3,0,841.5634842799477,33200.0,1.125
derived_vectors,change_density,tick_selective,tick_only,4096,0,16,11,2233,4990.0583636363635,4628.669518223367,5351.44720904936,4600.0,4700.0,7900.0,28400.0,209927.611,18073.739,0.0,0.0,0.0,0,0,0,0,180224,0,0,180224,3,1,225.1064906517718,7800.0,1.2222222222222223
derived_vectors,change_density,tick_selective,tick_only,4096,1,16,11,2233,5581.415272727273,5213.5673706565085,5949.263174798038,5300.0,5400.0,6700.0,30300.0,185371.199,20964.266,0.0,0.0,0.0,41,3936,656,656,180224,0,1148,181372,3,0,243.899366372033,6600.0,1.2205055045624613
derived_vectors,change_density,tick_selective,tick_only,4096,10,16,11,2233,12532.243454545456,11864.029316968787,13200.457592122126,11400.0,16500.0,23100.0,47500.0,82302.858,52918.887,0.0,0.0,0.0,410,39360,6560,6560,180224,0,11480,191704,3,0,527.0157736183747,23000.0,1.2061710373987014
derived_vectors,change_density,tick_selective,tick_only,4096,100,16,11,2233,86883.34081818181,84248.80436850613,89517.87726785749,81900.0,101800.0,112600.0,412500.0,11698.805,389460.759,11.061352440662786,0.0,0.0,4096,393216,65536,65536,180224,0,114688,294912,3,0,2661.3259586815293,112500.0,1.125
