algorithm,variant,workload,parameter,repetitions,mean_ns,mean_ci95_low_ns,mean_ci95_high_ns,median_ns,p95_ns,p99_ns,maximum_observed_ns,throughput_updates_s,cycles_per_update,deadline_1us_miss_pct,deadline_10us_miss_pct,deadline_100us_miss_pct,persistent_bytes,history_bytes,temporary_bytes,bytes_read_per_update,baseline_variant,slowdown_ratio,relative_overhead_pct
crc32_prefix,explicit_incremental,continuous,16,11,8.117181818181818,7.074664418271969,9.159699218091665,0.0,100.0,100.0,100.0,131838069.891,27.391,0.0,0.0,0.0,4,16,0,1,hidden_incremental,1.0039804351492663,0.39804351492662704
crc32_prefix,explicit_incremental,continuous,64,11,10.863727272727273,9.325140884519948,12.402313660934597,0.0,100.0,100.0,200.0,100596031.487,29.21,0.0,0.0,0.0,4,64,0,1,hidden_incremental,0.9076415947015442,-9.235840529845586
crc32_prefix,explicit_incremental,continuous,256,11,11.182454545454545,9.288937478181184,13.075971612727907,0.0,100.0,100.0,23100.0,96144019.918,29.155,0.10653409090909091,0.03551136363636364,0.0,4,256,0,1,hidden_incremental,0.735700999419846,-26.4299000580154
crc32_prefix,explicit_incremental,continuous,1024,11,5.747454545454546,4.770998655751035,6.723910435158056,0.0,100.0,100.0,300.0,179715333.719,20.881,0.0,0.0,0.0,4,1024,0,1,hidden_incremental,1.0452336077770064,4.523360777700636
crc32_prefix,explicit_incremental,continuous,4096,11,8.039272727272728,5.809812931954444,10.268732522591012,0.0,100.0,100.0,303900.0,137380837.656,26.397,0.01553622159090909,0.011097301136363636,0.0022194602272727275,4,4096,0,1,hidden_incremental,1.1320165388701853,13.201653887018526
crc32_prefix,full_recompute,continuous,16,11,47.10581818181818,43.38667335552044,50.824963008115915,100.0,100.0,100.0,200.0,21406171.399,166.176,0.0,0.0,0.0,0,16,0,8,explicit_incremental,5.803223241384717,480.3223241384717
crc32_prefix,full_recompute,continuous,64,11,282.9406363636364,241.13247161241028,324.74880111486243,200.0,300.0,400.0,7400.0,3446503.519,676.043,0.14204545454545456,0.0,0.0,0,64,0,32,explicit_incremental,26.044526824043313,2504.4526824043314
crc32_prefix,full_recompute,continuous,256,11,921.5633636363636,755.1729760088368,1087.9537512638904,700.0,1300.0,1500.0,82900.0,1162301.663,2734.367,24.11221590909091,0.24857954545454544,0.0,0,256,0,128,explicit_incremental,82.41154568439195,8141.154568439195
crc32_prefix,full_recompute,continuous,1024,11,2477.2333636363637,2170.303566515101,2784.1631607576264,2400.0,4500.0,4600.0,82100.0,437229.4,8660.708,77.61008522727273,0.9499289772727273,0.0,0,1024,0,512,explicit_incremental,431.01399829173386,43001.39982917339
crc32_prefix,full_recompute,continuous,4096,11,14109.523727272726,10442.83654487317,17776.21090967228,11100.0,22600.0,53500.0,11709800.0,74265.459,41745.319,95.07501775568181,52.83203125,0.5348899147727273,0,4096,0,2048,explicit_incremental,1755.0746449249139,175407.4644924914
crc32_prefix,hidden_incremental,continuous,16,11,8.085,6.897577961122899,9.272422038877103,0.0,100.0,100.0,100.0,128295593.046,28.253,0.0,0.0,0.0,4,16,0,1,,,
crc32_prefix,hidden_incremental,continuous,64,11,11.969181818181818,8.817016342646934,15.121347293716703,0.0,100.0,100.0,100.0,97973179.842,28.373,0.0,0.0,0.0,4,64,0,1,,,
crc32_prefix,hidden_incremental,continuous,256,11,15.199727272727273,9.763305551940691,20.636148993513856,0.0,100.0,100.0,17900.0,70286019.252,29.719,0.03551136363636364,0.03551136363636364,0.0,4,256,0,1,,,
crc32_prefix,hidden_incremental,continuous,1024,11,5.4987272727272725,4.679972417685731,6.317482127768814,0.0,100.0,100.0,200.0,179092056.262,21.093,0.0,0.0,0.0,4,1024,0,1,,,
crc32_prefix,hidden_incremental,continuous,4096,11,7.101727272727273,6.172737001937714,8.030717543516833,0.0,100.0,100.0,8500.0,149625900.04,24.971,0.006658380681818182,0.0,0.0,4,4096,0,1,,,
game_tick_motion,explicit_stateful,entities_1024,1,11,3738.601090909091,2508.318411166918,4968.883770651264,2600.0,3100.0,11800.0,3023000.0,315063.521,9803.632,100.0,1.0007913233719685,0.21877763813247683,24576,0,0,36864,hidden_stateful,0.8883297512875719,-11.167024871242814
game_tick_motion,explicit_stateful,entities_1024,4,11,2787.595,2109.767504881966,3465.4224951180336,2100.0,2900.0,3300.0,2983200.0,376267.397,8329.91,100.0,0.381892697466468,0.05588673621460507,24576,0,0,36864,hidden_stateful,1.0607169493073274,6.071694930732741
game_tick_motion,explicit_stateful,entities_1024,16,11,2839.492181818182,1879.7798301238813,3799.2045335124826,2000.0,2600.0,3200.0,885500.0,507689.714,7418.575,100.0,1.0298295454545454,0.21306818181818182,24576,0,0,36864,hidden_stateful,1.1361630890771484,13.616308907714835
game_tick_motion,explicit_stateful,entities_1024,64,11,2352.534909090909,2081.420849359433,2623.648968822385,2000.0,2400.0,4200.0,36700.0,425856.166,8154.866,100.0,1.1363636363636365,0.0,24576,0,0,36864,hidden_stateful,0.9487769254422908,-5.122307455770924
game_tick_motion,explicit_stateful,entities_256,1,11,707.8762727272727,529.7249915068393,886.0275539477062,600.0,700.0,900.0,3436900.0,1811996.474,2069.496,0.4596657822464274,0.1152073732718894,0.015128240934692548,6144,0,0,9216,hidden_stateful,0.8786184322991815,-12.138156770081853
game_tick_motion,explicit_stateful,entities_256,4,11,758.1670909090909,525.5736052615052,990.7605765566766,500.0,700.0,900.0,1288200.0,1523200.748,2075.998,0.4443100400111659,0.14422629571043083,0.006978691727924072,6144,0,0,9216,hidden_stateful,0.8235437360579928,-17.64562639420072
game_tick_motion,explicit_stateful,entities_256,16,11,584.8203636363637,324.5875758579828,845.0531514147447,500.0,600.0,700.0,160100.0,2096005.563,1731.813,0.13971684053651268,0.11177347242921014,0.009314456035767511,6144,0,0,9216,hidden_stateful,0.9636703765266172,-3.6329623473382755
game_tick_motion,explicit_stateful,entities_256,64,11,791.6203636363637,508.55319097467316,1074.687536298054,500.0,600.0,700.0,26800.0,1713621.364,2037.548,0.21306818181818182,0.14204545454545456,0.0,6144,0,0,9216,hidden_stateful,1.040309585568985,4.030958556898501
game_tick_motion,explicit_stateful,entities_256,256,11,500.527,456.10926968608476,544.9447303139152,500.0,600.0,700.0,14500.0,2035406.622,1834.918,0.10653409090909091,0.03551136363636364,0.0,6144,0,0,9216,hidden_stateful,1.004882602716349,0.4882602716349105
game_tick_motion,explicit_stateful,entities_4096,1,11,13697.65281818182,10132.961465835499,17262.34417052814,11100.0,13600.0,25000.0,17682800.0,89516.647,41721.834,100.0,66.9150521609538,0.8383010432190761,98304,0,0,147456,hidden_stateful,1.0518317511291748,5.183175112917482
game_tick_motion,explicit_stateful,entities_4096,4,11,53218.430090909096,24998.359369869642,81438.50081194856,31900.0,63300.0,208300.0,23351200.0,22458.466,133145.176,100.0,98.80774962742176,2.459016393442623,98304,0,0,147456,hidden_stateful,1.3420535019260122,34.20535019260122
game_tick_motion,explicit_stateful,entities_4096,16,11,22587.522,20452.033295438374,24723.010704561628,21700.0,28100.0,47000.0,105100.0,44375.808,84398.484,100.0,100.0,0.14204545454545456,98304,0,0,147456,hidden_stateful,0.924620052653044,-7.537994734695596
game_tick_motion,explicit_stateful,entities_4096,64,11,32221.707272727275,27980.343271211535,36463.07127424302,29200.0,36600.0,63400.0,4179700.0,32133.891,110961.055,100.0,100.0,0.7102272727272727,98304,0,0,147456,hidden_stateful,0.7972564996698193,-20.274350033018074
game_tick_motion,explicit_stateful,entities_64,1,11,258.49545454545455,177.73072717077582,339.2601819201333,200.0,200.0,300.0,1575600.0,4578821.668,623.6,0.15418181818181817,0.07010909090909091,0.012509090909090909,1536,0,0,2304,hidden_stateful,0.8477588035344428,-15.224119646555723
game_tick_motion,explicit_stateful,entities_64,4,11,166.95463636363635,139.20708606758876,194.70218665968395,200.0,200.0,300.0,2275000.0,6855047.417,519.132,0.07620355073644042,0.04071945459199106,0.008725597412569513,1536,0,0,2304,hidden_stateful,1.1003587772812733,10.035877728127328
game_tick_motion,explicit_stateful,entities_64,16,11,209.043,162.9760918137806,255.1099081862194,200.0,200.0,300.0,241700.0,5340856.268,555.936,0.09972170686456401,0.034786641929499075,0.00463821892393321,1536,0,0,2304,hidden_stateful,0.8770438374503451,-12.295616254965491
game_tick_motion,explicit_stateful,entities_64,64,11,125.05309090909091,115.56683252412309,134.53934929405875,100.0,200.0,200.0,12300.0,7668442.562,492.482,0.06214488636363636,0.00887784090909091,0.0,1536,0,0,2304,hidden_stateful,1.0122485262399563,1.2248526239956314
game_tick_motion,explicit_stateful,entities_64,256,11,217.62545454545455,184.34163555875213,250.90927353215696,200.0,200.0,200.0,14800.0,5086213.014,567.977,0.03551136363636364,0.03551136363636364,0.0,1536,0,0,2304,hidden_stateful,1.1050817381397413,10.508173813974132
game_tick_motion,hidden_stateful,entities_1024,1,11,4208.573545454546,2768.1854426266327,5648.961648282459,2800.0,3400.0,18300.0,10312800.0,267133.546,11108.072,100.0,1.4895498766466508,0.2048131080389145,24576,0,0,36864,,,
game_tick_motion,hidden_stateful,entities_1024,4,11,2628.029090909091,1943.0515060112298,3313.006675806952,2200.0,3200.0,3900.0,4212400.0,399750.156,9052.094,100.0,0.5868107302533532,0.06520119225037257,24576,0,0,36864,,,
game_tick_motion,hidden_stateful,entities_1024,16,11,2499.194181818182,1794.23745390809,3204.150909728274,1900.0,2600.0,2900.0,461000.0,487952.362,7740.806,100.0,0.42613636363636365,0.07102272727272728,24576,0,0,36864,,,
game_tick_motion,hidden_stateful,entities_1024,64,11,2479.544818181818,1998.7302329441518,2960.359403419484,2100.0,2500.0,3400.0,128900.0,439495.525,7935.667,100.0,0.42613636363636365,0.14204545454545456,24576,0,0,36864,,,
game_tick_motion,hidden_stateful,entities_256,1,11,805.6697272727273,320.4210864396584,1290.9183681057962,600.0,700.0,800.0,2509800.0,1891891.892,1957.774,0.3514406740213192,0.09542428897267607,0.01163710841130196,6144,0,0,9216,,,
game_tick_motion,hidden_stateful,entities_256,4,11,920.6154545454546,667.8962122126893,1173.3346968782198,500.0,700.0,900.0,7372900.0,1168401.729,2063.148,0.5582953382339257,0.2209919047175956,0.03954591979156974,6144,0,0,9216,,,
game_tick_motion,hidden_stateful,entities_256,16,11,606.8676363636364,310.98024698548835,902.7550257417845,500.0,600.0,700.0,117300.0,2168310.673,1744.333,0.19560357675111772,0.046572280178837556,0.009314456035767511,6144,0,0,9216,,,
game_tick_motion,hidden_stateful,entities_256,64,11,760.946909090909,609.4051998417851,912.4886183400329,500.0,700.0,800.0,14700.0,1520535.59,2039.696,0.3196022727272727,0.07102272727272728,0.0,6144,0,0,9216,,,
game_tick_motion,hidden_stateful,entities_256,256,11,498.095,452.1988916979395,543.9911083020605,400.0,600.0,700.0,80000.0,1970078.862,1868.145,0.14204545454545456,0.07102272727272728,0.0,6144,0,0,9216,,,
game_tick_motion,hidden_stateful,entities_4096,1,11,13022.665272727272,10225.933769269179,15819.396776185366,11200.0,14600.0,19500.0,821000.0,88236.358,42655.707,100.0,63.89716840536513,0.1676602086438152,98304,0,0,147456,,,
game_tick_motion,hidden_stateful,entities_4096,4,11,39654.47727272727,30032.283989168776,49276.67055628577,30200.0,69700.0,355700.0,5079400.0,24390.488,125807.906,100.0,99.10581222056632,3.5394932935916543,98304,0,0,147456,,,
game_tick_motion,hidden_stateful,entities_4096,16,11,24428.977,20409.513279662366,28448.440720337632,25600.0,36500.0,63800.0,308000.0,45393.693,82631.518,100.0,100.0,0.8522727272727273,98304,0,0,147456,,,
game_tick_motion,hidden_stateful,entities_4096,64,11,40415.734818181816,22280.578697710742,58550.89093865289,26400.0,70100.0,85200.0,378200.0,30831.784,116692.319,100.0,100.0,2.5568181818181817,98304,0,0,147456,,,
game_tick_motion,hidden_stateful,entities_64,1,11,304.9162727272727,201.13645070049222,408.6960947540532,200.0,200.0,300.0,3194400.0,3817026.994,634.845,0.14021818181818183,0.0608,0.010763636363636364,1536,0,0,2304,,,
game_tick_motion,hidden_stateful,entities_64,4,11,151.72745454545455,123.83095366394845,179.62395542696063,200.0,200.0,200.0,2131200.0,7320820.711,516.764,0.07562184424226912,0.04188286758033367,0.0063987714358843106,1536,0,0,2304,,,
game_tick_motion,hidden_stateful,entities_64,16,11,238.34954545454545,160.06123921839938,316.6378516906915,200.0,200.0,300.0,361700.0,4959122.033,571.751,0.09276437847866419,0.048701298701298704,0.00463821892393321,1536,0,0,2304,,,
game_tick_motion,hidden_stateful,entities_64,64,11,123.53990909090909,112.57914238483944,134.50067579697873,200.0,200.0,200.0,18600.0,8369499.022,449.402,0.053267045454545456,0.026633522727272728,0.0,1536,0,0,2304,,,
game_tick_motion,hidden_stateful,entities_64,256,11,196.93154545454544,174.5206412192073,219.34244968988358,200.0,200.0,300.0,30500.0,5183828.087,575.64,0.10653409090909091,0.10653409090909091,0.0,1536,0,0,2304,,,
game_tick_motion,stateless_replay,entities_1024,1,11,3702.4415454545456,2803.9336137437504,4600.949477165341,2500.0,3200.0,11700.0,8685200.0,290674.743,10060.481,100.0,1.205604431410883,0.20946795140343527,0,36864,24576,61440,explicit_stateful,0.9903280546452329,-0.967194535476712
game_tick_motion,stateless_replay,entities_1024,4,11,7042.281545454545,5142.998305615819,8941.56478529327,5400.0,9700.0,12900.0,2940500.0,153086.032,21744.848,100.0,4.163561847988078,0.2608047690014903,0,73728,24576,116736,explicit_stateful,2.526292931883773,152.6292931883773
game_tick_motion,stateless_replay,entities_1024,16,11,19743.829818181817,16139.154433091157,23348.505203272478,17700.0,35100.0,38700.0,1874100.0,57887.12,65367.021,100.0,70.06392045454545,1.0298295454545454,0,221184,24576,337920,explicit_stateful,6.953296066319669,595.3296066319668
game_tick_motion,stateless_replay,entities_1024,64,11,77224.38427272729,66605.03840499737,87843.7301404572,68300.0,124500.0,159500.0,6045100.0,12333.07,258765.531,100.0,93.03977272727273,24.431818181818183,0,811008,24576,1222656,explicit_stateful,32.826031177819644,3182.6031177819646
game_tick_motion,stateless_replay,entities_256,1,11,616.0746363636364,504.1303709193654,728.0189018079074,500.0,700.0,800.0,947800.0,1686795.549,2137.617,0.7610668900991482,0.11055252990736862,0.025601638504864313,0,9216,6144,15360,explicit_stateful,0.8703140083930949,-12.968599160690509
game_tick_motion,stateless_replay,entities_256,4,11,1711.3065454545454,1344.4134372816827,2078.199653627408,1300.0,2300.0,3000.0,10317900.0,656172.606,5086.095,63.631711175211684,0.5047920349865078,0.0767656090071648,0,18432,6144,29184,explicit_stateful,2.2571627890134076,125.71627890134076
game_tick_motion,stateless_replay,entities_256,16,11,4253.217272727273,3585.720816114315,4920.71372934023,3500.0,7500.0,8800.0,5111300.0,243989.834,14636.99,88.85991058122205,1.3599105812220567,0.19560357675111772,0,55296,6144,84480,explicit_stateful,7.2726901065502005,627.2690106550201
game_tick_motion,stateless_replay,entities_256,64,11,21405.788363636366,18438.15559644237,24373.42113083036,16700.0,37000.0,59100.0,6116200.0,49565.815,62619.309,97.90482954545455,69.56676136363636,0.8877840909090909,0,202752,6144,305664,explicit_stateful,27.040472108761044,2604.0472108761046
game_tick_motion,stateless_replay,entities_256,256,11,61081.21445454546,54725.70877948035,67436.72012961056,58800.0,121500.0,132700.0,3026300.0,16512.826,224016.668,99.43181818181819,90.7315340909091,16.193181818181817,0,792576,6144,1190400,explicit_stateful,122.03380527832756,12103.380527832756
game_tick_motion,stateless_replay,entities_4096,1,11,12536.596636363636,11229.42972912954,13843.763543597732,12300.0,14200.0,36700.0,449200.0,84865.137,43573.641,100.0,85.13412816691505,0.2421758569299553,0,147456,98304,245760,explicit_stateful,0.915236851362079,-8.476314863792101
game_tick_motion,stateless_replay,entities_4096,4,11,93521.2369090909,74628.4282823831,112414.04553579871,92200.0,194300.0,400300.0,20182600.0,9712.796,324270.422,100.0,100.0,33.34575260804769,0,294912,98304,466944,explicit_stateful,1.7573092018936958,75.73092018936958
game_tick_motion,stateless_replay,entities_4096,16,11,192289.34654545455,162622.34946259443,221956.34362831467,164200.0,353200.0,405900.0,1825200.0,5895.738,636678.719,100.0,100.0,74.14772727272727,0,884736,98304,1351680,explicit_stateful,8.513078439744499,751.3078439744498
game_tick_motion,stateless_replay,entities_4096,64,11,1171836.2217272727,906476.9045462878,1437195.5389082576,945900.0,1993400.0,2573000.0,9391200.0,980.494,3569995.234,100.0,100.0,95.88068181818181,0,3244032,98304,4890624,explicit_stateful,36.367912221681834,3536.7912221681836
game_tick_motion,stateless_replay,entities_64,1,11,256.2639090909091,175.9464239203358,336.58139426148244,200.0,200.0,300.0,6437000.0,4719046.828,619.248,0.32494545454545454,0.05236363636363636,0.011345454545454546,0,2304,1536,3840,explicit_stateful,0.9913671771967154,-0.863282280328459
game_tick_motion,stateless_replay,entities_64,4,11,392.875,289.00373255851235,496.74626744148765,300.0,600.0,700.0,3072100.0,3063692.977,1227.078,0.1896363170998441,0.09307303906740814,0.020941433790166834,0,4608,1536,7296,explicit_stateful,2.35318412568248,135.31841256824802
game_tick_motion,stateless_replay,entities_64,16,11,1402.8374545454544,1187.1499639305164,1618.5249451603925,1000.0,2100.0,2600.0,2848100.0,744581.838,4296.056,49.73794063079777,0.44063079777365494,0.07653061224489796,0,13824,1536,21120,explicit_stateful,6.710760248109023,571.0760248109023
game_tick_motion,stateless_replay,entities_64,64,11,3660.6903636363636,3471.493285738966,3849.8874415337614,3500.0,7500.0,8500.0,120800.0,270032.699,13746.785,85.83984375,0.42613636363636365,0.00887784090909091,0,50688,1536,76416,explicit_stateful,29.273089829483332,2827.3089829483333
game_tick_motion,stateless_replay,entities_64,256,11,21837.659727272727,19047.05520310444,24628.264251441014,16100.0,33200.0,67200.0,2730700.0,48294.597,62780.082,96.5909090909091,68.32386363636364,1.2073863636363635,0,198144,1536,297600,explicit_stateful,100.34515389242569,9934.515389242568
pid_controller,explicit_state,continuous,1,11,4.6093636363636366,3.8385736797071988,5.380153593020074,0.0,100.0,100.0,31900.0,233229874.953,16.155,0.007,0.0026363636363636363,0.0,24,0,0,16,hidden_state,1.022382191035025,2.2382191035025034
pid_controller,hidden_state,continuous,1,11,4.508454545454546,3.831195624861501,5.1857134660475905,0.0,100.0,100.0,186500.0,227187531.948,16.524,0.004818181818181818,0.0026363636363636363,9.09090909090909e-05,24,0,0,16,,,
rolling_max,explicit_incremental,continuous,4,11,8.647,8.411486977195123,8.882513022804877,0.0,100.0,100.0,34500.0,117418597.299,32.266,0.0022727272727272726,0.0003636363636363636,0.0,96,0,0,8,hidden_incremental,0.7452674961607171,-25.473250383928292
rolling_max,explicit_incremental,continuous,16,11,12.250636363636364,10.612733169559753,13.888539557712974,0.0,100.0,100.0,822800.0,90700891.136,41.678,0.009636363636363636,0.003363636363636364,0.00045454545454545455,240,0,0,8,hidden_incremental,0.8015619981203679,-19.84380018796321
rolling_max,explicit_incremental,continuous,64,11,17.47627272727273,12.64303365265619,22.30951180188927,0.0,100.0,100.0,6402100.0,59154971.236,46.335,0.02490909090909091,0.012818181818181819,0.0017272727272727272,816,0,0,8,hidden_incremental,1.0904455058028066,9.044550580280664
rolling_max,explicit_incremental,continuous,256,11,19.32390909090909,9.283149919136479,29.364668262681704,0.0,100.0,100.0,1828500.0,63501135.083,46.224,0.020636363636363637,0.010272727272727272,0.0014545454545454545,3120,0,0,8,hidden_incremental,0.8033583654896388,-19.66416345103612
rolling_max,explicit_incremental,continuous,1024,11,19.563,10.43284415964767,28.693155840352325,0.0,100.0,100.0,1513300.0,72252595.072,46.04,0.019818181818181818,0.008272727272727272,0.0005454545454545455,12336,0,0,8,hidden_incremental,0.7534742525411325,-24.652574745886746
rolling_max,explicit_incremental,continuous,4096,11,20.422,14.518469599740058,26.325530400259943,0.0,100.0,100.0,5437600.0,54190262.01,59.99,0.021,0.010818181818181819,0.0016363636363636363,49200,0,0,8,hidden_incremental,1.0696677793067981,6.966777930679813
rolling_max,full_recompute,continuous,4,11,3.8023636363636366,3.5919598900344845,4.012767382692789,0.0,100.0,100.0,27000.0,263372990.646,14.381,0.001,0.00027272727272727274,0.0,0,16,0,16,explicit_incremental,0.43973211938980417,-56.02678806101958
rolling_max,full_recompute,continuous,16,11,10.720454545454546,10.086335032476331,11.35457405843276,0.0,100.0,100.0,6081300.0,97867380.802,38.669,0.011454545454545455,0.0047272727272727275,0.00045454545454545455,0,64,0,64,explicit_incremental,0.8750936871553983,-12.490631284460175
rolling_max,full_recompute,continuous,64,11,18.398545454545456,14.242131038495431,22.554959870595482,0.0,100.0,100.0,5052900.0,59045238.494,56.587,0.023363636363636364,0.012363636363636363,0.0016363636363636363,0,256,0,256,explicit_incremental,1.0527728504621852,5.277285046218516
rolling_max,full_recompute,continuous,256,11,64.16436363636363,33.403477699556355,94.9252495731709,100.0,100.0,100.0,13781000.0,21296306.156,145.974,0.034545454545454546,0.017727272727272727,0.003363636363636364,0,1024,0,1024,explicit_incremental,3.3204649915554447,232.04649915554447
rolling_max,full_recompute,continuous,1024,11,201.45709090909088,143.3653213183164,259.5488604998654,200.0,200.0,200.0,16722600.0,5947141.804,521.101,0.106,0.05209090909090909,0.007818181818181818,0,4096,0,4096,explicit_incremental,10.297862848698609,929.7862848698609
rolling_max,full_recompute,continuous,4096,11,820.361,626.8385479527632,1013.8834520472368,700.0,900.0,1100.0,11354000.0,1082735.032,2648.887,1.2277272727272728,0.24209090909090908,0.036272727272727276,0,16384,0,16384,explicit_incremental,40.170453432572714,3917.0453432572713
rolling_max,hidden_incremental,continuous,4,11,11.602545454545455,11.434482931877627,11.770607977213283,0.0,100.0,100.0,57600.0,86514171.021,43.773,0.0027272727272727275,0.0007272727272727272,0.0,96,0,0,8,,,
rolling_max,hidden_incremental,continuous,16,11,15.283454545454545,12.383165411327205,18.183743679581884,0.0,100.0,100.0,72600.0,77866122.181,48.643,0.008181818181818182,0.0027272727272727275,0.0,240,0,0,8,,,
rolling_max,hidden_incremental,continuous,64,11,16.026727272727275,13.82556106066905,18.227893484785497,0.0,100.0,100.0,582000.0,63887557.898,53.933,0.027363636363636364,0.011,0.0009090909090909091,816,0,0,8,,,
rolling_max,hidden_incremental,continuous,256,11,24.05390909090909,15.721569053969885,32.386249127848295,0.0,100.0,100.0,2067600.0,48764176.443,53.948,0.018727272727272728,0.009909090909090909,0.0015454545454545454,3120,0,0,8,,,
rolling_max,hidden_incremental,continuous,1024,11,25.963727272727272,11.673508757117128,40.25394578833742,0.0,100.0,100.0,1007700.0,63319192.047,53.304,0.02727272727272727,0.013181818181818182,0.0016363636363636363,12336,0,0,8,,,
rolling_max,hidden_incremental,continuous,4096,11,19.09190909090909,16.496135465952975,21.687682715865208,0.0,100.0,100.0,4207400.0,52028053.526,64.982,0.02190909090909091,0.010636363636363637,0.0018181818181818182,49200,0,0,8,,,
sensor_monitor,event_incremental,all_change,64,11,289.7518181818182,109.67341001883503,469.8302263448013,100.0,200.0,200.0,1899600.0,4954542.076,420.663,0.1,0.045454545454545456,0.01,8,64,0,64,,,
sensor_monitor,event_incremental,all_change,1024,11,2185.910909090909,1651.227233662274,2720.5945845195442,1700.0,2000.0,3500.0,8521000.0,512612.839,6556.352,100.0,0.5768181818181818,0.07727272727272727,8,1024,0,1024,,,
sensor_monitor,event_incremental,all_change,4096,11,10742.119545454545,7815.930822547537,13668.308268361554,8400.0,10700.0,39400.0,15876700.0,96037.17,28360.868,100.0,7.036363636363636,0.4486363636363636,8,4096,0,4096,,,
sensor_monitor,event_incremental,no_change,64,11,1.932090909090909,1.6494268440333872,2.214754974148431,0.0,100.0,100.0,37500.0,451739845.287,6.975,0.010454545454545454,0.0022727272727272726,0.0,8,64,0,0,,,
sensor_monitor,event_incremental,no_change,1024,11,1.5428181818181819,1.3716546171005037,1.71398174653586,0.0,100.0,100.0,27600.0,665183772.905,5.684,0.008181818181818182,0.0013636363636363637,0.0,8,1024,0,0,,,
sensor_monitor,event_incremental,no_change,4096,11,3.0821818181818186,1.7050336113750826,4.459330024988555,0.0,100.0,100.0,273100.0,468634840.289,7.271,0.022272727272727274,0.006363636363636364,0.00045454545454545455,8,4096,0,0,,,
sensor_monitor,event_incremental,one_percent,64,11,6.828363636363636,5.47549074516311,8.181236527564161,0.0,100.0,100.0,1499200.0,153541357.107,14.704,0.023636363636363636,0.007272727272727273,0.0009090909090909091,8,64,0,1,,,
sensor_monitor,event_incremental,one_percent,1024,11,22.49718181818182,19.146572063323216,25.84779157304042,0.0,100.0,100.0,1287200.0,50617139.742,68.563,0.018636363636363635,0.00909090909090909,0.0027272727272727275,8,1024,0,10,,,
sensor_monitor,event_incremental,one_percent,4096,11,77.69636363636363,66.60133832431815,88.79138894840911,100.0,100.0,200.0,1043100.0,12819362.365,259.327,0.06272727272727273,0.022727272727272728,0.005909090909090909,8,4096,0,40,,,
sensor_monitor,periodic_recompute,all_change,64,11,185.31227272727273,163.1350358316709,207.48950962287455,100.0,200.0,200.0,6708600.0,5476188.846,500.0,0.12272727272727273,0.06772727272727273,0.011818181818181818,0,64,0,64,event_incremental,0.6395551679023114,-36.04448320976886
sensor_monitor,periodic_recompute,all_change,1024,11,2450.008181818182,2017.7669652727527,2882.2493983636114,1800.0,2100.0,4200.0,6341800.0,420198.964,7275.22,100.0,0.535,0.06272727272727273,0,1024,0,1024,event_incremental,1.120817948997339,12.08179489973391
sensor_monitor,periodic_recompute,all_change,4096,11,10390.561363636363,8322.894502465439,12458.228224807288,7800.0,12700.0,55100.0,18806400.0,102160.438,31033.757,100.0,6.751818181818182,0.43727272727272726,0,4096,0,4096,event_incremental,0.9672729222263272,-3.2727077773672786
sensor_monitor,periodic_recompute,no_change,64,11,32.30327272727273,26.581339784804015,38.02520566974144,0.0,100.0,100.0,106000.0,30199619.485,106.304,0.01818181818181818,0.004090909090909091,0.00045454545454545455,0,64,0,64,event_incremental,16.719333741118902,1571.9333741118903
sensor_monitor,periodic_recompute,no_change,1024,11,379.4908181818182,337.7741877537796,421.20744860985684,400.0,500.0,500.0,127600.0,2707239.158,1394.553,0.16454545454545455,0.020454545454545454,0.0009090909090909091,0,1024,0,1024,event_incremental,245.97248247009605,24497.248247009604
sensor_monitor,periodic_recompute,no_change,4096,11,1990.3868181818182,1632.1107647676408,2348.6628715959955,1600.0,2000.0,2600.0,18699300.0,596842.108,6208.496,100.0,0.47909090909090907,0.06227272727272727,0,4096,0,4096,event_incremental,645.7720327984898,64477.20327984898
sensor_monitor,periodic_recompute,one_percent,64,11,53.934363636363635,39.3847363815563,68.48399089117096,0.0,100.0,100.0,1154300.0,22291884.361,125.986,0.07454545454545454,0.018636363636363635,0.004090909090909091,0,64,0,64,event_incremental,7.8985781233358185,689.8578123335818
sensor_monitor,periodic_recompute,one_percent,1024,11,636.4409090909091,516.80030433458,756.0815138472383,400.0,600.0,600.0,6318100.0,1726921.848,1687.354,0.2768181818181818,0.14227272727272727,0.020454545454545454,0,1024,0,1024,event_incremental,28.28980599590252,2728.980599590252
sensor_monitor,periodic_recompute,one_percent,4096,11,1913.7204545454545,1624.793899502067,2202.6470095888417,1600.0,2000.0,2700.0,1335100.0,535634.419,6344.039,100.0,0.45181818181818184,0.05454545454545454,0,4096,0,4096,event_incremental,24.630759600308895,2363.0759600308897
sliding_mean,explicit_incremental,continuous,4,11,5.4580909090909095,5.444094739721229,5.47208707846059,0.0,100.0,100.0,15400.0,183608585.151,20.637,0.0015454545454545454,0.0003636363636363636,0.0,40,32,0,8,hidden_incremental,0.9862183383159763,-1.3781661684023727
sliding_mean,explicit_incremental,continuous,16,11,5.721454545454545,5.442367561260172,6.000541529648919,0.0,100.0,100.0,282600.0,181505642.69,20.851,0.007272727272727273,0.0019090909090909091,0.0001818181818181818,40,128,0,8,hidden_incremental,0.8850388828732544,-11.496111712674562
sliding_mean,explicit_incremental,continuous,64,11,7.579272727272727,4.640664021674244,10.51788143287121,0.0,100.0,100.0,3711400.0,169870615.215,21.727,0.017,0.007181818181818182,0.001,40,512,0,8,hidden_incremental,1.107815780382152,10.781578038215201
sliding_mean,explicit_incremental,continuous,256,11,7.533909090909091,6.480518176954625,8.587300004863557,0.0,100.0,100.0,3655500.0,137710697.367,22.479,0.025727272727272727,0.011909090909090909,0.0020909090909090908,40,2048,0,8,hidden_incremental,0.9544831557731068,-4.551684422689317
sliding_mean,explicit_incremental,continuous,1024,11,7.407,5.98097376253713,8.83302623746287,0.0,100.0,100.0,382400.0,143639636.879,22.592,0.01390909090909091,0.006,0.0001818181818181818,40,8192,0,8,hidden_incremental,0.5671002902424255,-43.289970975757456
sliding_mean,explicit_incremental,continuous,4096,11,8.770181818181818,6.038394307693714,11.501969328669922,0.0,100.0,100.0,215600.0,152479701.14,23.635,0.013636363636363636,0.007090909090909091,0.0006363636363636364,40,32768,0,8,hidden_incremental,1.1191907004802895,11.919070048028946
sliding_mean,full_recompute,continuous,4,11,4.0871818181818185,3.624923353675976,4.549440282687661,0.0,100.0,100.0,16600.0,244381267.361,15.426,0.002,0.00027272727272727274,0.0,0,32,0,32,explicit_incremental,0.7488299272139776,-25.117007278602244
sliding_mean,full_recompute,continuous,16,11,7.115181818181818,5.218941935149517,9.01142170121412,0.0,100.0,100.0,760600.0,177645959.327,20.941,0.007545454545454545,0.003363636363636364,0.00045454545454545455,0,128,0,128,explicit_incremental,1.2435966696326428,24.35966696326428
sliding_mean,full_recompute,continuous,64,11,27.90281818181818,22.270807029879194,33.534829333757166,100.0,100.0,100.0,10773900.0,37206187.389,99.177,0.03372727272727273,0.01609090909090909,0.0024545454545454545,0,512,0,512,explicit_incremental,3.6814638007964304,268.14638007964305
sliding_mean,full_recompute,continuous,256,11,209.059,161.5746423934835,256.5433576065165,200.0,200.0,300.0,8613200.0,5425729.896,556.498,0.169,0.06618181818181817,0.008,0,2048,0,2048,explicit_incremental,27.749073884135964,2674.9073884135964
sliding_mean,full_recompute,continuous,1024,11,853.5733636363638,704.7745125477846,1002.3722147249429,700.0,800.0,1000.0,26694400.0,1273043.682,2656.329,1.2532727272727273,0.20445454545454544,0.02509090909090909,0,8192,0,8192,explicit_incremental,115.2387422217313,11423.87422217313
sliding_mean,full_recompute,continuous,4096,11,4714.612181818182,4035.7758496909837,5393.44851394538,3000.0,3500.0,4500.0,12554400.0,194504.092,13348.36,98.62645454545455,0.6657272727272727,0.07681818181818181,0,32768,0,32768,explicit_incremental,537.5729123476242,53657.29123476242
sliding_mean,hidden_incremental,continuous,4,11,5.534363636363636,5.358569886792787,5.710157385934486,0.0,100.0,100.0,28400.0,183213762.246,20.631,0.0020909090909090908,0.00045454545454545455,0.0,40,32,0,8,,,
sliding_mean,hidden_incremental,continuous,16,11,6.464636363636364,5.378538984237145,7.550733743035583,0.0,100.0,100.0,118700.0,170373027.26,21.77,0.010636363636363637,0.003909090909090909,9.09090909090909e-05,40,128,0,8,,,
sliding_mean,hidden_incremental,continuous,64,11,6.841636363636363,6.151889730968319,7.531382996304407,0.0,100.0,100.0,497500.0,143957388.613,21.883,0.015818181818181818,0.008,0.0009090909090909091,40,512,0,8,,,
sliding_mean,hidden_incremental,continuous,256,11,7.8931818181818185,5.054052514760551,10.732311121603086,0.0,100.0,100.0,3824300.0,151020071.94,21.798,0.021,0.00890909090909091,0.0017272727272727272,40,2048,0,8,,,
sliding_mean,hidden_incremental,continuous,1024,11,13.061181818181819,5.307408260824575,20.814955375539064,0.0,100.0,100.0,1434700.0,127271570.258,22.418,0.021545454545454545,0.011727272727272727,0.0022727272727272726,40,8192,0,8,,,
sliding_mean,hidden_incremental,continuous,4096,11,7.836181818181819,6.070561283868218,9.60180235249542,0.0,100.0,100.0,2841900.0,147810100.973,25.278,0.017545454545454545,0.01,0.0014545454545454545,40,32768,0,8,,,
